{
    "HOME": {
        "apis": {
            "vortex": "HOME"
        },
        "time": 3600
    },
    "HTTP": {
        "apis": {
            "vortex": "HTTP"
        },
        "time": 3600
    },
    "STD": {
        "apis": {
            "vortex": "STD"
        },
        "time": 3600
    },
    "STOMP": {
        "apis": {
            "vortex": "STOMP"
        },
        "time": 3600
    },
    "OVH": {
        "apis": {
            "vortex": "OVH"
        },
        "time": 3600
    },
    "VSE": {
        "apis": {
            "vortex": "VSE"
        },
        "time": 3600
    },
    "SYN": {
        "apis": {
            "vortex": "SYN"
        },
        "time": 3600
    },
    "TS3": {
        "apis": {
            "vortex": "TS3"
        },
        "time": 3600
    },
    "UDPPLAIN": {
        "apis": {
            "vortex": "UDPPLAIN"
        },
        "time": 3600
    },
    "ACK": {
        "apis": {
            "vortex": "ACK"
        },
        "time": 3600
    },














    "STOP": {
        "apis": {
            "vortex": "stop"
        },
        "time": 3600
    }
}