{
    "UDP": {
        "apis": {
            "vortex": "UDP"
        },
        "time": 3600
    },
    "DNS": {
        "apis": {
            "vortex": "DNS"
        },
        "time": 3600
    },
    "STD": {
        "apis": {
            "vortex": "STD"
        },
        "time": 3600
    },
    "STOMP": {
        "apis": {
            "vortex": "STOMP"
        },
        "time": 3600
    },
    "OVH-DOWN": {
        "apis": {
            "vortex": "OVH-DOWN"
        },
        "time": 3600
    },
    "VSE": {
        "apis": {
            "vortex": "VSE"
        },
        "time": 3600
    },
    "SYN": {
        "apis": {
            "vortex": "SYN"
        },
        "time": 3600
    },
    "STOP": {
        "apis": {
            "vortex": "stop"
        },
        "time": 3600
    }
}