{
    "TCP": {
        "apis": {
            "vortex": "TCP"
        },
        "time": 3600
    },
    "CUSTOM": {
        "apis": {
            "vortex": "CUSTOM"
        },
        "time": 3600
    },
    "STD": {
        "apis": {
            "vortex": "STD"
        },
        "time": 3600
    },
    "STOMP": {
        "apis": {
            "vortex": "STOMP"
        },
        "time": 3600
    },
    "OVH": {
        "apis": {
            "vortex": "OVH"
        },
        "time": 3600
    },
    "VSE": {
        "apis": {
            "vortex": "VSE"
        },
        "time": 3600
    },
    "SYN": {
        "apis": {
            "vortex": "SYN"
        },
        "time": 3600
    },
    "STOP": {
        "apis": {
            "vortex": "stop"
        },
        "time": 3600
    }
}